external_id,text,rating,source
d4f1718e-5900-42c2-82d8-d37efb326c14,fake promises,1.0,play_store
b46f5e02-d97f-49c7-ab87-bb294514ab21,"दलाल दलाल दलाल दलाल, क्या हुआ? कहाँ गए? क्यों गायब हो रहे हो? jantar mantar location not available blinkit tum bhi resign do दलाल दलाल दलाल दलाल, ये क्या चल रहा है? दलाल दलाल दलाल दलाल, स्थान बंद, सेवा खत्म, , सब कुछ बेकार। दलाल दलाल दलाल दलाल, बताओ क्या हो रहा है? दलाल दलाल दलाल दलाल –",1.0,play_store
21c3bb88-c9be-47fd-9765-1c60431cdee3,okay now.................!????????????????????,5.0,play_store
a75bfd8f-4000-4662-ae0d-266f47b5a826,update 3: since I stopped ordering from Blinkit 🎉 and Zomato company I have saved rs 8000 in just three months... plus efforts are saved on taking the mad delivery guys 📦... really happy with my decision...,1.0,play_store
3393d8db-d803-446e-8517-1401dfea16d1,👌,5.0,play_store
fbc8c053-68df-4bf0-b163-3c1e90cb3368,good prompt service,5.0,play_store
06aafe85-1271-4b58-acc0-d8371a55e1e7,very quick sarvis,4.0,play_store
0866be12-d4d1-4f05-984f-eb24125db3e2,"bakwas app hai, cancel order button nahi hai, or delevery boy ne 75 rupees scam kar liye mujhe se",1.0,play_store
6f54d4c5-7e1e-4e74-ae1b-c790b3d21da3,service is amazing. but change in address becomes quite difficult.,5.0,play_store
3bf1f8d3-8153-476a-8b9b-049e28081be9,wow,5.0,play_store
ce0ee441-d429-470e-bd3d-56db7ed1242e,good,5.0,play_store
f2deee37-d5fa-47e2-9cdf-b0368a1fca2d,awesome delivery,5.0,play_store
231049e3-c860-4c65-8502-144f75b28c93,this app is very nice and also soo useful,5.0,play_store
d9eef9df-a5ed-43d7-8d06-e07789b8823d,Good Discount and fast delivery easy to selected item 👌,4.0,play_store
7ad5a130-42b9-465a-b5c3-98fd52b7dc96,very nice service provider,5.0,play_store
9147cf39-5408-476e-8df0-c24107ccca39,"vry good,,,,soo fast,,,good to take Care.....love it .✌️✌️✌️✌️✌️✌️😊😊😊😊😊😊",5.0,play_store
4faffce5-3cb7-4312-badb-7b0161643202,good,4.0,play_store
e81d7725-4669-4069-a56b-e4b5a1885c53,Great performance,4.0,play_store
0977d748-4958-4317-800c-4e760cde4469,good,5.0,play_store
b3dfb946-a865-47ae-9a84-7fa62ba26816,good experience,5.0,play_store
d4d23cee-bfe0-433c-8e65-11e10b7ef147,good 👍,5.0,play_store
cff30d09-ca7c-4b3c-9f3c-2e6b240bd928,fast delivery great app 🫶,5.0,play_store
869a0d20-930a-45f4-82d7-45b4760e8a26,best,5.0,play_store
9fbd241f-a75d-4bf7-9de2-dc764af475c2,much more delivery charges,2.0,play_store
f44db22b-d968-4ed7-9d13-16f470a83f32,Good,1.0,play_store
9291c118-3865-4f83-846e-01b92fa8e440,"blinkit app sabhi best app mein se ek hai, Jo hamare liye itni jaldi service deti Hai",4.0,play_store
13d2ce54-6251-41b1-b829-8289c57b8bab,good,4.0,play_store
54369b37-e604-4cd5-95a5-7881078ab2db,waiting for orders,4.0,play_store
149fe7c0-46c8-4a6b-bd01-984869ea6fd9,"Initially there used to be a proper customer service but now the app has the automated AI agent which is utterly unhelpful and frustrating when you are trying to complain about an order. Since it can't distinguish between an order and the add on (allowed in the app if you forgot something), it treats the add on as the latest order and can't help with spoilt items in the main order.",1.0,play_store
acfe6d08-5844-4394-999a-e8c994fdc5fd,worst experience with late delivery,1.0,play_store
a5505db4-60e3-4855-bffa-fe09374edd28,excellent service by Blinkit. Especially for medicines. it provides doctor's consultation also for free. and suggest you better medicines according to your health issues. India is growing!!,5.0,play_store
c4194a8f-0c23-4814-9104-fdc93450b87c,have a good experience ♥️,5.0,play_store
75bdb0f8-1fb3-4f42-a102-9a03d3ec2ad6,Absolute scam of a company. ordered a product got defective and they refused to honor return or refund under disguise of non returnable item. Pathetic,1.0,play_store
4e5baa8c-9ad3-4552-9f17-38a4bfbac836,veri fast,5.0,play_store
da256673-2276-49ed-935f-cfae9cc1a106,Best,4.0,play_store
ed8fa1fb-46f9-4bbc-9d62-c5cf1bc05dba,nise,5.0,play_store
ef922347-b8b5-4662-88aa-01f092cd79cf,blinkit charging extra mony on everything i will never buy anything from now from blinkit. recently i purchase a lip balm from here so on others app this lip balm price is 198 or 188. but here 222 rs. this is so bad and now they are started adding 12 rs. handeling charge also . 10 minutes delivery is okay but they charged tooo much for everything. instead of this app you can use flipcart minutes or any other app.,1.0,play_store
c09a504d-2371-49ab-aec4-21c31e67be65,no cash on delivery,1.0,play_store
b9d27e2d-09ea-4faa-83d1-b11778b433b3,gud,5.0,play_store
4ed1556c-6f60-4b09-9ebf-ebaff14499eb,nice delivery 🚚,5.0,play_store
6fc4784f-0b7a-4d2f-8851-86c455726a66,excellent service and products are of really very good quality 👌,5.0,play_store
032cae58-4754-47f4-a13a-68e79a577e7e,expired products,1.0,play_store
0b5ba244-4dcc-4d8c-9197-c8bdf9caff0a,good 💯,5.0,play_store
6df5623c-6af7-44ee-b19d-8added18835e,Fast and excellent service... customer-friendly representatives,5.0,play_store
fb136d35-9024-4506-8a5d-a42c46cc2a28,good service,5.0,play_store
0e4f960b-7049-44b2-9c6e-083f2ca6e440,good service,5.0,play_store
b14b98b1-7571-4f1f-b5c1-fdd499cfe2f6,good,5.0,play_store
9739b45e-3fa5-4871-84d1-c9ff34d12b3f,Good,5.0,play_store
6f46cb32-df82-46fc-9abf-bb0812ce9b44,good,5.0,play_store
5781cb19-ac49-4b17-9535-0a69004b2089,nice,5.0,play_store
ce4b14e2-6f29-46fa-9417-6f5baa629749,it is so good and pls give me 30% off in next order 🫶❤️,5.0,play_store
17750266-b452-4767-a098-a4559fde7676,good,5.0,play_store
8ef535f5-bd30-430b-a4cb-3157ea01871e,orders always take more than 35 mins,1.0,play_store
340afe78-0fa4-4127-98c2-01ac0d5e239e,very fast and very helpful service,5.0,play_store
1e317ba4-d098-4a65-9f11-f9d6302252a0,service is pretty Good,4.0,play_store
e41c169d-a5c9-4136-8767-2b2d04347813,it's good 👍🏻,5.0,play_store
5dd6a8c2-369d-4d77-bb38-65058c9b4183,good,5.0,play_store
e67c7afe-1727-499c-a2c2-f0dad5d943ca,👍 good,5.0,play_store
55f1d491-70ea-4624-a723-7e8373d44682,good 👍,5.0,play_store
11c37266-2a6b-4186-acba-4943bccad117,bestest 🤩,5.0,play_store
d4e10c77-bd98-477f-ba1c-99b2f9c34386,nice 👍,5.0,play_store
33e4158b-f7c3-4202-b635-f60c3b567488,address change kastama iruku,2.0,play_store
f84a9fa8-27c5-4b39-b166-19c5a2843465,v good,5.0,play_store
43723cf2-bd2f-485b-b712-9d077e3d7bd5,👍 Good,3.0,play_store
4f1668fd-4300-4674-ae82-aaa1d3ee7438,good,5.0,play_store
e3d974cc-2126-4182-b18f-e507461d3d13,l like free delivery,5.0,play_store
7ec86153-909d-438f-9c66-5ad4d82ce27c,"Service is unavailable on Jantar Mantar Road in Connaught Place, New Delhi. This app is the epitome of disappointment, and those behind it seem to have lost touch with what it means to be humane.",1.0,play_store
e2fbe958-e882-48bf-b974-0a8cb43cb2fe,o good,5.0,play_store
e8732977-42ef-46ff-beed-265acb963c17,good,4.0,play_store
1bc93bc8-dd84-4dcc-ba13-12a19bbf510f,Go for it!!!,5.0,play_store
f3340a94-5eea-4c46-871d-156703fef7c2,Everything is available with very affordable price,5.0,play_store
9e286df3-85c2-4f1b-934e-c0647719360c,very good working 👍😃 I am so happy for this work 😊😁,5.0,play_store
ae4a3017-1b22-4d97-be81-d21070593fae,good 👍,5.0,play_store
6d089fbd-0720-478e-af32-f61bfeba9a44,all good 👍,5.0,play_store
602c055b-ad4a-4d97-bc37-e81aba7d8f87,best,4.0,play_store
2a3e731c-a4a0-4ca9-865f-915c8e87e69c,price and quantities issue,1.0,play_store
ef5a7cf6-514c-4dd1-9b60-e4314c7b0049,good,5.0,play_store
1d961187-b330-417d-a845-b9d7885c14c8,good,3.0,play_store
17070ffa-57e0-43cd-a586-5aa8a44b8620,very good,5.0,play_store
288c91fa-d248-4872-ab1c-151da666f952,quick delivery nice delivery,5.0,play_store
acaa7f45-2333-4df0-8b59-2794ab3fc6c9,vary nice app,5.0,play_store
284189e9-ea4a-4727-a7c6-ec92b4760df3,"I have been using Blinkit for a long period now, today I am really happy to share my experience, I bought a watch from blinkit, but it was not working as I unboxed it, so I initiated a refund which was quick and in few minutes work, the delivery partner came soon and picked it and my refund was initiated, then I bought another brand but delivery guy got stuck because of his vehicle failure, instantly the blinkit support team (Mr Abhishek) helped and delivery was done so quick. really thanks 🙏",5.0,play_store
918b7794-594e-4dc3-9ed0-52b1f9a4ad65,good time delivery,5.0,play_store
0fc01f0c-12ec-41be-a692-e6a14fdd5319,offer details please,1.0,play_store
a0dd2576-df95-412e-a38b-f8eb1e41b921,very good very convenient but price are bit expensive compare to other quick commerce site but overall its the best.,4.0,play_store
7fffddd3-cedd-4bb9-9dd0-f0504ea1f639,nice,5.0,play_store
ea7ec74d-534e-4183-a18d-c9317798195e,Good,4.0,play_store
9234d0fd-c04b-4edf-b37a-722c49f886e2,Best,5.0,play_store
26030fb4-bc14-48fe-8609-0693c584c2fb,good,5.0,play_store
fc6a4e30-b4fd-4dbc-8f2b-88d9d63e6987,The Best,5.0,play_store
4fd7cd38-3d9a-4575-870a-8b145ee5ba99,Nice service,5.0,play_store
09df64d2-d3ac-4b17-9b26-0e580ae43378,bekar hai app,1.0,play_store
af21a1e3-45c4-49f0-b656-8fad973c0783,u r doing great job 🫡,5.0,play_store
dd099e4f-0250-4550-889f-08a2579137fe,good,5.0,play_store
a55bb7a4-e5db-4bba-851c-7bf96c84cdc9,3rd class coustomer service not available on this plat form gusy you make sure order will purches on cash on delivery,1.0,play_store
4a516ecb-0f49-4b94-b442-6f631b36bd4d,why delivery charge extra on each product,4.0,play_store
10d507eb-4d9f-461e-b611-cc62179350ce,no customer service,1.0,play_store
5fe0f2f2-b389-4a79-bbc4-3b656af946d3,very good,5.0,play_store
1f5b8196-60f3-411b-bcf1-d3621dc5b110,"I am trying to talk to customer executive but failed due to blinkit server issue, I have ordered something related to food and it is bad condition, I want replacement or refund but unable to register my complaint. Now Blinkit team, what is the solution now?",1.0,play_store
eefdb9ef-d943-41f0-aad5-12c73ec640df,good,4.0,play_store
a3e05813-64c7-4d91-8a8a-0a2742d35f7b,"In my last order 15 rs added , for every delivery we have to pay 20 rs ? what is the reason?",2.0,play_store
5e4ae140-b8fe-4865-9ef9-c96675a603cb,good,4.0,play_store
b71a786c-ceb7-45a9-8bd7-6a733e72c8d6,nice 👍,5.0,play_store
e105dd04-e328-4464-a56f-af2f0907c0b2,Blinkit was one of the most used appa on my phone but now I've seen that some products that I buy often are being sold at prices higher than the MRP.. like seriously?? whats this behaviour?? I won't complain about some delivery fee or stuff but selling stuff at higher prices is not acceptable at all !!,3.0,play_store
a76934a1-c4b3-47f1-8a41-1917279e7773,Good,5.0,play_store
c1f06dc9-9972-434a-9689-fabc5617fe43,very 🏃‍♀️ ⏩️,5.0,play_store
2456184f-88f5-4d43-a682-fcd589b021f0,very good aap,5.0,play_store
a35845d7-428b-41b3-a13a-792188a9be18,good 👍,1.0,play_store
86d13843-692f-4fa2-ad5e-602d132829cc,good 😊,5.0,play_store
953fd7c5-2200-48a7-b36e-bc9a124519d9,nice app,5.0,play_store
8df0f959-8659-450d-b39e-0926317412af,very good 👍,5.0,play_store
9d68efb6-e804-4166-8321-27f94298b9f4,nic,5.0,play_store
9e6b7853-75a2-45ec-954d-fade1612526f,good work,5.0,play_store
14193874-d072-4a7a-b14e-2c639535c8b2,Helpful,5.0,play_store
0056f647-b6dc-406b-ae6b-cc6fe2909a96,huuu,5.0,play_store
bc56702d-c672-4304-8c3e-c95ab57659a9,useful 🤩,5.0,play_store
c3843cab-0be0-450a-84c9-9f6b549c68a2,3rd class experience,1.0,play_store
8e25f269-2970-441a-aece-e123bbc1bd4e,it's very easy to way of all types of things and shopping,5.0,play_store
cdd866ff-5f36-49a4-a10c-7eff7a0b922a,very very late,2.0,play_store
0889ca73-dbd1-4cd3-a23e-94ddf4054654,poor quality provided,1.0,play_store
43e8cd19-a0a6-46c8-b93d-d0402f128220,good,1.0,play_store
72766385-0356-4cac-9965-915725a93356,good service and verry fast ⏩ and blinkit is easy to hame all products kvickly received one of the best app for my and me family,4.0,play_store
f792bf8c-d67d-46c7-82db-cedb7310b125,good but delivery charges are to high,5.0,play_store
ec4e1280-3cca-4095-a56c-e7691a008da7,good service 💯,5.0,play_store
c0658150-8feb-4047-9038-d1fcc0ef9293,👍🏻,5.0,play_store
07457570-4b00-45ac-b4be-ec35c5c4831e,Worst app. Even entering your own residential address is a painful process.,1.0,play_store
11d80dba-a1a0-442c-b6a5-2cd4df08bfda,to good 💯,4.0,play_store
bc25f169-c1b6-43a9-8763-5c74ff3d7564,good,1.0,play_store
3909e6aa-4b56-4354-a5a9-5f14e4f3b407,"I it's convenient, easy to get ...yeah",3.0,play_store
9e5a3b8b-30dc-4ed9-9d26-72ba9739a1bc,"""Super fast delivery! All items were fresh, properly packed, and delivered in perfect condition. Great service as always.Blinkit has made daily grocery shopping so convenient! Fantastic packaging, high-quality products, and unbelievably quick delivery every single time. 10/10 service... 😊😊",5.0,play_store
e4fd4409-4b77-4c69-99aa-a937a5ffab18,very excellent app fast delivery must use this app,5.0,play_store
29f6fd79-9203-44d2-95c8-58a9e4edb517,best experience but can't pay with online payment from other UPI in first it was applied but now it hasn't worked since 2 to 3 months ago.. please let service this,5.0,play_store
1ad1b191-225b-471a-9cd6-706cbb63ef18,stupid app.,1.0,play_store
47b7fc84-2612-41a1-b0b8-5e5cf4951d2b,nice,5.0,play_store
cc4d73e5-3b47-4200-8044-1f34056ad4b2,good,5.0,play_store
cc300d09-e065-4cff-9707-989b71d461ac,good 👍,3.0,play_store
0d5a83eb-f175-4c40-ae44-aa32d8218b1c,"Extremely disappointed with this order. The Organic Ladyfinger (500 g) came in two 250 g packs, but one entire pack was completely spoiled and had to be thrown away. The Raw Mango (500 g) was the small, round variety with a huge seed and very little pulp, yet the description never mentioned this, making it misleading and poor value for money. The Chopped Spinach contained mostly thick stems instead of spinach leaves, making it feel like the weight was increased by adding sticks than actual.",1.0,play_store
67879f71-409f-4acb-a876-6a36a4fc8c0d,good,5.0,play_store
fe63136f-b374-488d-b5e3-e0daf4edcf8b,good,5.0,play_store
dc9e8df2-ac8f-4ccc-bee5-7062a256b55c,good,5.0,play_store
3556b094-5a6f-4c81-943a-41de18bca3d1,superb,5.0,play_store
b82c5522-d92d-4b68-8021-b0506a76436c,The service is always good and in time also.,5.0,play_store
330da29f-5e92-446a-8668-57b13f3639cc,the delivery speed is not as stated and quick as zepto and also handling charges are being charged,2.0,play_store
bd39026a-5087-408b-a10a-5d66c92446b5,its verry good app no need to explain too much just open it you will understand everything... ❤️,5.0,play_store
cfb0bb1e-008a-455b-8002-564cc072e8b9,Will opine after the delivery,5.0,play_store
276c4b57-fc92-4f34-9c9d-d63c9e70a73c,very good 👍,5.0,play_store
7e4da1cc-8044-4d87-a384-17427f5ca688,easy to use and very helpful 🥰😍,5.0,play_store
7780c54a-ecd7-43d4-8bd2-fd3fdf528c72,too fast,5.0,play_store
9ffbe858-1dbe-4d49-b200-4d66dcc86dc6,superb service,5.0,play_store
29f8dde7-43a6-4acf-b6f3-4ebc57498d9a,good service 👍,4.0,play_store
b95abbaa-0fb5-449e-8bfc-f092496912eb,i. cried 😭at last,5.0,play_store
3f8d178c-bf3c-4c0c-9d18-8dab051529f0,agr refund ya cancellation ka option or hota to or better ho skta hai,4.0,play_store
492d997e-2b71-4481-96c3-fef24656a846,good,5.0,play_store
c579a298-8e1a-4438-91da-3ce811de4260,super,5.0,play_store
87e2ef48-451c-4b22-8dc3-e09eae0c0a51,nice,5.0,play_store
ed17757f-1262-4645-928a-efc31c6619db,ok,3.0,play_store
b862c64a-c902-45e6-bc44-8a58c7e9df4e,best ap and fast delivery 🙂,5.0,play_store
8d10e3ec-d777-4312-a52f-d2e697499d35,good 👍,4.0,play_store
41329883-1ceb-4284-972c-dbbdbbf397cc,👌,4.0,play_store
60870550-879c-4ffb-a0dd-05c63e1aa615,Good service 👍,4.0,play_store
1135298a-341b-42ae-982f-43be00cb24ff,mujhe achha laga aur delivery boys' bhi bhot achhe se bat karte karte h,5.0,play_store
c903c1eb-3f94-42ca-a51e-da184ac0dcc3,outstanding app,5.0,play_store
a11dc630-7799-4d3f-9b14-035e60148b79,super,4.0,play_store
297fd459-74ed-439d-a619-3b8c7f702c31,very good service.,4.0,play_store
21d7b99f-7f1c-4f65-8d7a-fd1b3e6e239a,very good,5.0,play_store
06ddae80-dda8-4be6-bb98-3f39b0f24d35,best grocery app ❤️,5.0,play_store
cbce18f8-c623-4107-b939-01b3637485ca,Great Service,5.0,play_store
c0ec64bd-a54f-4e3f-ac29-247554d905e6,product market se bahut jayda high rate hota hai,3.0,play_store
88bf9c64-b5ce-442c-a9b0-5638da142cae,cash dene ke baad extra paise kabhi refund nhi aata hai costly prta hai saman,1.0,play_store
def74fc1-e5c9-4d4a-b508-5f15f3f8c21e,good,4.0,play_store
43c414c1-b1cd-4589-ac2d-2414ae89e1e4,👍 good,5.0,play_store
c20ef042-d8b2-48f9-8545-420d4e96a83b,amazing experience,5.0,play_store
661dff73-c55d-45fa-96c5-d6203e2c9c1f,nice,5.0,play_store
cb8ade1f-a0d2-4b55-ac0a-f43e3f5ca02f,good,3.0,play_store
c58c03b0-655d-4658-9e33-c281de44a181,they inform after leaving their godown that they have shortage of item so they have cancelled..if they had informed earlier I wud have ordered another or replace my items,2.0,play_store
e86ba4b1-bd02-48f8-a31f-0c745e2613ea,nice 🙂,5.0,play_store
3a0a42ec-52b2-4dde-bad1-98f5cda3f789,very good app,5.0,play_store
729f697a-e8db-489b-a949-865e70892962,"This app is not good, I ordered it first. I paid online then and then I cancelled it, but it's been four months since I got my 200 rupees, they still haven't refunded the money, they only make false promises.",1.0,play_store
48a5f7a9-5e23-4a73-ae34-ce516b81ecf6,lind delivery,1.0,play_store
2d02d0ed-ec72-4a29-aa36-7d5b5a56de05,good,5.0,play_store
6612f4b2-a57a-49fe-9bd7-3e384886a804,good,5.0,play_store
517fccca-8d64-488c-b5af-2bdecf507e64,"Reliable, Fast and on time Delivery.. Love it",5.0,play_store
39e583c6-c6d9-4da7-8a71-27c5f03dc98f,ok nice,5.0,play_store
fac60fe4-18de-46f4-aadc-58194221fb23,delivery fast and good it by using,5.0,play_store
112c0b07-d9a1-49fe-9906-86965bf9e025,very nice nice quality,5.0,play_store
c0dba931-226d-45cb-b759-d084bec25228,amazing,5.0,play_store
476aec83-c5bf-487c-8581-aa714dee481a,very good for a lazy person,4.0,play_store
cff1c6d7-d53f-4a0c-8d8d-44f0ee12003c,Bhai mere city(bulandshahr) me aajaaaaa,5.0,play_store
b62d349b-d16e-4e6f-a89a-dd713546a984,good,5.0,play_store
cf0a4548-6263-40c8-801f-cf07ea110dab,Good,5.0,play_store
b50808e4-b4a8-4f8c-9ba2-4fc036c276a0,good,5.0,play_store
62d8535d-be82-4f97-8976-3e3a4a8c43bf,very worst,1.0,play_store
d2179c9f-13ee-4841-8e52-5765de83b304,supar,3.0,play_store
d91fde86-6a86-4ea3-89a9-3fe38bc8a6b8,nice,5.0,play_store
065aee03-e60e-4201-a365-928d8bfe5288,"A new Scam by Blinkit, ordered few items and two items were missing, have been trying to contact them but shows were are handling large order try again next time until the complaint window closes. so now it shows cannot entertain your complaint as the complaint window is closed. this is how they scam people now.. pathetic theif",1.0,play_store
4f7716dd-b6e7-48b6-b34b-1f4ed92b1282,good,3.0,play_store
3554c1dc-aa38-43a2-ab2a-deff1785c78c,very good,5.0,play_store
22fc4eff-a6d1-45d7-95a5-3e6a3e7cbfa5,two delivery patners for one order I had to waste my time to wait for both when I ordered both the things at same time,1.0,play_store
6e234259-82b5-4d00-b6fb-7f0b193b59ca,good,4.0,play_store
a8070f50-0ea4-4f96-9901-610daaab87a6,Quick service . Just see the veg n fruits are not over ripe . Thanx 🌻,4.0,play_store
a2ef4b3c-68bd-4b39-8a2d-f443939a6b1b,good,5.0,play_store
d56ebda8-38ce-4811-9490-4847be2c1225,best app,5.0,play_store
0e563f73-899a-4b3f-80aa-d7fa4eca6ea2,good,5.0,play_store
a79ad27e-c5ba-485a-89f2-c41ab8373d6b,"Wonderful home deliveries! Blinkit is like Aladdin’s magic lamp—just rub it, and whatever you need magically appears at your doorstep! 😄✨",5.0,play_store
bf8ee8cc-8282-4893-b7b4-fa87053a8722,superb work,5.0,play_store
b03fe169-b36e-4777-acab-46abb741b9db,my first time,5.0,play_store
d3bd728b-89c1-44cc-b45b-2edec2c82e6e,It was a quick delivery. Thanks to Mr. Rohit☺️,4.0,play_store
6b51cdb1-ffbd-465e-b689-32c339c1a453,"The reason behind giving 1 star is, their return policy, if a customer orders the wrong item, they don't return or replace, they straight away say we can't return, you should replace the item.",1.0,play_store
06f76edf-e5e6-4a82-8e01-59b9c69907a9,very poore,1.0,play_store
de03e709-a9a8-4e55-98f6-d1d6ed19fd88,Exellent service and Customer support quick response👌😀,5.0,play_store
c0348e39-0aa4-46f0-83ed-44aff7daea7f,Kisi Bhi time No Return Policy bol dete hai Or No exchange bhi bol rahe hai install mat karo aapna khud leke aao ja kar,1.0,play_store
e058bff4-9658-4922-9bf1-0eae817ced82,very good and experience with your work,5.0,play_store
763e686a-f1ab-4a95-a95a-9d189358cb15,satisfied ☺️,5.0,play_store
cac978e2-1d80-4e47-bcb3-78b97212f027,nice,5.0,play_store
48527565-6758-4673-985f-6c64461e8e66,easy delivery,5.0,play_store
d4b57e08-aa59-4a35-aa4f-0a39dd82e873,great helpful,4.0,play_store
1b95e0ed-39ae-43bf-a4e2-935dd0baca12,Excellent service.,5.0,play_store
70281dcf-1501-4df7-8019-95930d5d8ae2,nice,5.0,play_store
800f0f5d-10bc-4464-8b1c-dfc128e28c66,oky 👍🚩,4.0,play_store
117d44db-a718-4d1b-bc27-85c9749152e2,good service 👍,5.0,play_store
fa9ed17a-d3a6-4b8d-966a-8caf39f35519,thanks for best servicing 👍,5.0,play_store
bdd8612c-a42b-4b5b-81ca-54feef7b5b3b,good,5.0,play_store
84ad0a3e-c36d-4b2f-9278-dcc5c19351b4,Bestest app ever,5.0,play_store
07234bb5-16b7-4c98-8adf-f025a107fd82,Good 👍,4.0,play_store
bb79deef-d8a6-4db4-8b7b-4c072d481deb,Good facilities,4.0,play_store
bd288311-3b9e-4c27-bfc6-91c437b930e8,worst,1.0,play_store
371a4275-118c-4920-af9b-038eb8449be6,very gud nd gud experience,5.0,play_store
7f76ea0d-9e91-4d21-b527-3d0d04efde87,happy,5.0,play_store
a8529e97-2896-4319-a0aa-a2182a162729,good,4.0,play_store
9ecc4a5c-1c93-4fd7-9c47-71a2291b666c,very good experience of my,5.0,play_store
e89c56f2-445b-4813-95d0-894b08cf458e,Good,5.0,play_store
87b7b784-e5b6-4e3e-a0ac-8fb77767c84b,best,5.0,play_store
79774615-43ee-413d-9c7e-d591e92dab3f,good,4.0,play_store
c79e6a37-a826-49e0-92cb-a4b38371e5ae,good,5.0,play_store
99a0a9b3-605f-46a8-887d-5d4d779e0c18,nice,5.0,play_store
c0a54182-0f5a-4851-afba-58bbeef855b6,wow nice,5.0,play_store
91c39fd1-22b9-496b-abe4-08f11189fd58,bahut achcha 10,5.0,play_store
828cb9bf-9009-4558-9137-a9a4e51c2aec,delivery person behaviour not good,1.0,play_store
3947926c-aa6a-4128-8bb1-c395a0162082,100 % service,5.0,play_store
ed82bc14-3e5e-4f08-917a-ed57f05b7f64,good,3.0,play_store
d8099a2e-a8e1-4373-bb99-72d4d8db635f,good 👍,5.0,play_store
894db797-7e46-484d-81df-ac36f7bc58b0,very good service,5.0,play_store
17e3fe9b-404c-44a1-9707-a0588ced6098,nice,5.0,play_store
d5d52fd4-5660-4928-a724-63d3886095f9,very bad,1.0,play_store
675d2700-7383-46c0-b69d-45dcae8626c9,Good,3.0,play_store
a0044195-da96-45d0-a794-17a5110caadf,"one of the poorest service, I had found & additional they take charge for cancellation even after getting 30 minutes late if you cancel.",1.0,play_store
e50378a4-7356-42a4-9734-0c5300eb3506,good,4.0,play_store
3151a1b1-f269-4f33-83c8-45cea8d719ef,nice perfact 💕💕💕💕💕💕,5.0,play_store
86f7d6ca-303c-44e0-b0e7-3783520b2140,"Excellent and fast delivery, love it",5.0,play_store
aa094d65-fa56-4600-b961-50f0de43d743,nice experience with fast delivery 🚚,5.0,play_store
81b95ac9-51fb-454e-b555-ebae976a4025,fantastic service. Support staff is great too. quick yo respond and polite,5.0,play_store
8a165aed-a5fb-4f03-8f15-1ef3ac5efa8f,good,5.0,play_store
6dcc8b25-5aec-402f-8c00-4395416f688f,provide the best service..,5.0,play_store
d075b982-af85-4db5-9ce1-dc827fa791d2,very good,5.0,play_store
64fa5845-9f87-4430-8381-d19ba61650e4,good,5.0,play_store
619dbd9c-1a41-4aa3-9004-db898c00bf34,nice app fast service,5.0,play_store
7ef2d08c-4e16-44f0-8811-69576ee8460f,🤛 aadha ghante se upar Ho Gaya fir bhi 11 minute dikha raha hai,1.0,play_store
150a061c-ecb5-4b30-8772-65d538f99c16,better then amazon flipcart mesho,5.0,play_store
cc727d43-b956-47bb-bfab-53e50cf327c1,super,5.0,play_store
7ae4d54b-0333-4745-9d65-3206019f48f8,good,4.0,play_store
239a3355-9151-477c-aa96-3910d7bbfaef,they are selling poor quality products...if you ask for an exchange or refund they will close the chat conversation..waste app,1.0,play_store
4a0791cc-744a-48df-a988-3b20c018db55,very nice sincerely work,5.0,play_store
ac93bbed-b30e-45a8-90fc-f6b2fb3e0e3b,good 👍,4.0,play_store
8aeefee5-e836-43a3-a5da-80e6e01fb99f,Best service,5.0,play_store
f5744171-865d-4297-9f11-fc61066c661e,absolutely fantastic and efficient,5.0,play_store
bcbe80f5-0d74-4e8e-8c53-c25de00b6b0a,excellent service,5.0,play_store
e7efdc06-062c-4a52-8a21-cd055b22ebd1,only Cash on delivery option are open to plase order,2.0,play_store
db4eb934-4c06-4c1c-be69-dc055d308376,superb,5.0,play_store
725f58a0-42bc-4f9d-bb73-2ed6525a3eb4,Nice option,5.0,play_store
b35fc8e1-22a0-41cc-8f8a-4bbe3d2fb975,it very useful I love it,5.0,play_store
8df65902-41c9-406c-9b12-cfa78c8735c4,it's good,5.0,play_store
3bb4f9d7-9c18-46c0-b390-d862bfd38304,nice 👍,5.0,play_store
cf1b9aa8-6d62-4080-8d2f-78ae4adb16dd,Some products are not available,4.0,play_store
123abfe3-f39f-4ea5-b26a-009a2f60b951,nice,4.0,play_store
b0f8accd-3e78-4851-9729-5d3b7d6b2c2a,all good,5.0,play_store
77fed81d-4e89-44d7-b4b1-5425a99886cf,good app,3.0,play_store
c15f1cb8-1699-4245-ac3d-bdbedff80c69,good,3.0,play_store
a5a7c5af-0e7e-4d43-a647-eee89b164b70,Old purana metrial supply karte ye log,1.0,play_store
4690064a-3ba6-4e31-8d00-db9a8e864b4b,such a great app,4.0,play_store
dc4606b1-46e5-44ae-9c37-f8e7cae0be88,osm,5.0,play_store
3153806d-0334-4ef2-9ad7-1d49b4e502df,worst,1.0,play_store
ead7d1c4-0682-443d-ac63-b5b2ca878bc1,I returned an order as it was damaged They took the parcel the same day and I was supposed to get my money back but I did not get my money and the assistant chat is the worst part does not allow you to text anything of no use,1.0,play_store
9aae73d1-47a6-426f-a788-d1b208a2cf02,"TOTALLY, the best guys out there. keep it up #blinkit",5.0,play_store
0e09fe8a-3536-4e24-8013-f6294572d308,good 👍,4.0,play_store
a8f4963a-22d1-48da-81e5-d73774171dc5,good work,5.0,play_store
c9fa89b8-a7b1-4fc7-9d05-82964070271e,very good,5.0,play_store
3fc00c75-30e3-4133-958c-08096b296af3,sach a good application 👍,4.0,play_store
5b6abf67-e0c3-4053-bdce-0f66f1a9c6bb,very nice,5.0,play_store
6e70ed11-dbfb-467d-b860-d04854467696,they will say 10 min and this 10 min will be for hours,1.0,play_store
eb78f4ee-5a3d-4065-8e01-be7565a3855c,it is best for all 😊🙏,5.0,play_store
b83230ce-6357-430b-9df6-e15992002fdb,very nice! fast service!,5.0,play_store
16785280-8176-4956-af33-ccc8c4628050,the best,5.0,play_store
7d77a95f-eec7-4474-8e81-cc7e02e60e7c,good,5.0,play_store
321727e3-b41a-480a-85bb-517e03569bb8,best,5.0,play_store
0dff2181-20b3-403c-8f71-8e00a1cf3523,For the after delivery service and prompt action adhered.,4.0,play_store
a66bfde4-6586-4f1b-859a-3d38a511b88c,ghar baithe saman mil raha hai aaj kal k baag dour wali life me,5.0,play_store
48df0458-9264-425c-a386-3c1b39bd28ae,best,5.0,play_store
6aab4430-6bee-4be6-a9b2-b5268ddf24e6,great my emergency burden is just flew away since this service starts in our city,5.0,play_store
610f52a8-6125-475b-8b0f-5510bd70f3c1,very good app..,4.0,play_store
efe4fa9c-50a3-486e-8cf4-4736aafcaf99,very good,5.0,play_store
9818ea06-fe93-4391-8d1c-03adb02d7611,"it's a good site,but please give more discounts like pune",5.0,play_store
9faf0208-7292-4cd6-9e4d-43612b203e11,good 👍,5.0,play_store
d0d39e09-cefc-4af3-bf31-fdd5e426ad59,good,5.0,play_store
6d22698d-f820-4d79-98f1-f1e9ea2b3404,nice,5.0,play_store
a166d65b-076d-411a-9741-6bc017b15e6a,good service,5.0,play_store
b4fb5f2a-4760-4030-baa2-47dc7fbc7836,it's a better way of groceries,5.0,play_store
7799c2e1-2658-4006-84a4-2822f11c76e7,good 💯,5.0,play_store
7e99cd88-e768-4704-9419-e4efe9fe121a,not bad,1.0,play_store
8a9c0c8a-5176-4d44-9117-799b708c4e5e,Excellent,5.0,play_store
a58507f4-a6cb-4088-b04f-c882aceec645,Really pathetic service from blinkit .,1.0,play_store
20ed1eab-a612-4107-a9c1-1a9b5469dfce,nice,3.0,play_store
42c534a1-c5b2-49b8-99f2-16c236f48bbf,superb,5.0,play_store
2a3ce4b2-c69a-4537-be34-49148a609ace,bad service,1.0,play_store
c254c108-b232-421b-b045-d13f2c6512d8,too much time to deliver.,3.0,play_store
a137c9f9-aab1-479f-bfa6-f76d2a47a22f,good experience,4.0,play_store
4bd82a10-0893-424f-beca-4da146df42e3,very good aap,5.0,play_store
487dc997-b712-4583-8f23-30a4d01ec642,good,5.0,play_store
40f369d2-58c8-4d3d-85fa-222dc54e1c80,Extremely convenient. Wide range of products with good options.,5.0,play_store
32de1382-4a5a-4052-a15f-d95637a20b6c,price jyda h,5.0,play_store
8e10bb02-a141-4812-99b8-6ddcf4caae78,very good,5.0,play_store
1f5f680c-0570-4267-9747-9cb42df0988f,wonderfull service,5.0,play_store
f9663a24-10a6-433a-9f9b-787477f94a9c,great,5.0,play_store
bae0098b-bd97-4b1a-94ad-5d5a0cd2b4e8,👍👍👍👍👍,5.0,play_store
0df724c5-36d1-4a22-8579-d24ad1fd4f4b,ok,5.0,play_store
2c66af57-d03e-4e8d-8aab-4a9d472c03a8,"""Super quick delivery, great packaging, and excellent service. Highly recommended!""",5.0,play_store
8cf40099-dabd-4681-998e-baff07ceff8d,Good reputed products choices are available.,5.0,play_store
d5278b02-934e-4788-9414-8e876ef21dae,No help or ways to complain if you are away from the delivery location and get a spoiled item. app asks for live pics or video which you being away cam not tKe and upload...result is throw the product and loose money...so keep it in mind before you order from BLINKIT.,1.0,play_store
7614b71b-8aeb-4550-919b-3c90deb18b98,superb service fast service,5.0,play_store
36e2424a-e698-4c10-ae0b-48f55226ba09,ok good 👍,4.0,play_store
70458b70-f758-4b72-928b-a23c7ac20c87,good working,5.0,play_store
f65e4394-110d-4eb4-b798-9a272101b495,good 🌿,5.0,play_store
eed2b9e3-ec82-434b-a430-166ad34e85ec,fast service,5.0,play_store
8c5342ff-2e71-4b46-aeb0-24dee0385483,good,5.0,play_store
9381ec3e-6b96-4c4c-9ca1-2cf7d7e3e581,ekdm mast,5.0,play_store
f80b1155-0527-4de6-8c7d-15754e8a5466,good,5.0,play_store
29d369ed-b9dd-4279-a083-2df313258a21,excellent 0,5.0,play_store
5ecb49d4-f26f-464f-b5d0-f4e7389a5bd3,Excellent,5.0,play_store
6859c8e6-1608-4b26-a6b0-0f10b27f7311,good,5.0,play_store
299adf22-52c7-4dc8-a7cb-1f7b2ab60ae8,"not the best price , but convenient in cases of urgency .",4.0,play_store
6df06141-fc59-485e-907c-ee1a8e90b2ee,nice,5.0,play_store
60c551ef-8214-4fce-adc3-1e033ca5f224,thank you blankit,5.0,play_store
b86f2f2f-3195-4774-a0b9-9a283304d4d6,nice blinkit,5.0,play_store
f8d5a44a-f5c8-407f-9226-baf5c1256e1c,super service and best products,5.0,play_store
7e228a73-dd4e-43cc-a45c-de6a5c140307,too much good outstanding app,5.0,play_store
819beef3-c67e-42cb-b910-51697cee5745,All ways Easy to all items available super delivery always help me..,5.0,play_store
df9f1237-9e9b-4288-88e1-d468ee41c62e,Good 👍,5.0,play_store
b2fed053-5464-43df-8446-45f1ef48b7fe,best,5.0,play_store
00fa3009-1e8c-44cf-ab43-3a4465abec7c,Good Service,5.0,play_store
102e83de-0296-49c5-a63b-a9f7bb8c62a3,just amazing,5.0,play_store
f6d578c2-409e-4e39-8a03-32a1ccd91475,"very dependable, and prompt. Always happy to order from Bl8nkit, over other similar apps. keep it up guys!😊",5.0,play_store
c69688ef-c9f0-4808-9577-133044a07bf3,"Great service, fresh commodities.",5.0,play_store
8c30fc3b-b684-49b2-b860-13b9185a0d32,last time delivery by damaged product,1.0,play_store
97d9a68c-211b-4e8f-9b17-6177744b7edf,best service,5.0,play_store
8de551b1-8dad-4d88-bc8a-1a8de45855c5,bahut ghatiya app hai,1.0,play_store
504d0df4-7f93-49e2-9c4d-7c07eeebf9f4,this platform is very quick,5.0,play_store
b3c93a72-4a6a-4460-a2bf-36c850818171,v good,5.0,play_store
dcc0409a-c120-40ff-8ad4-cd7b27613734,to bad,1.0,play_store
804c5172-e225-44c7-bb7d-4e84e00e02ed,good delivery,5.0,play_store
dc0e859b-af65-4bcf-8640-1997257c88a8,very good,5.0,play_store
0deb577b-3c5a-420f-9718-72affda33556,"⭐⭐⭐⭐⭐ Blinkit is one of the best delivery apps I've used. The delivery is always super fast, products are fresh, and the packaging is excellent. I also love initiatives like the ambulance service—it shows Blinkit cares about people, not just business. The app is easy to use, and the delivery partners are polite and professional. My only small suggestion is that I rarely receive good offers or discount coupons. I hope Blinkit rewards loyal customers with better deals. Overall, an amazing experie",5.0,play_store
a26aab70-1476-4dc0-bd9f-29e21c9f09ad,good,5.0,play_store
97239d35-a1e0-490a-8329-877383592dfd,good,5.0,play_store
b6a6deb4-cb67-4024-8053-4b608015795f,ok,5.0,play_store
512c7093-5fdd-47d2-b01c-08ffc008e499,very very good,5.0,play_store
9bbbc55c-1d5f-48dc-a687-0aa6e77dfdd8,best delivery,5.0,play_store
e27334df-883e-4ead-ac6b-a7109fa336fd,👍🏻 👍🏻👍🏻👍🏻 Nice,5.0,play_store
6ca74d7a-9cb1-41fb-9c1a-808f7bc2d85a,very good 😊,5.0,play_store
e8ba0ff0-d477-41e9-8b74-78ad001492e7,excellent 👌,5.0,play_store
523520af-bcc2-46d8-82a6-56de6ecb17a9,resaneable rates and best delivery service,5.0,play_store
6637a5fd-889f-4ab9-a8bd-9a3e25da2833,add adrees me live location ka option kam nhi kr raha,5.0,play_store
cd8a6089-a0e9-477b-bd46-31107dbb2452,service is very good 👍🏻,4.0,play_store
2db1d7c5-fc32-4d22-afd6-124e1b8e2d00,it's good but sometimes when the product is wrong returning is a problem,4.0,play_store
a6015f1e-5a5e-460b-9b3b-535d5ffcc888,👍,5.0,play_store
fc0261b0-9f6b-46f4-a307-fe57094f8720,good,5.0,play_store
095e9d44-5b93-4e6e-ab54-ade3388880ba,🫂 very useful,5.0,play_store
e2ee8153-4f3e-4230-8d6d-f819ef6b73f4,useful aap,5.0,play_store
8b2f457e-e94a-4e5b-8ea5-985269e5af3d,delivery time adherence,4.0,play_store
b1f1e45e-697f-44a7-9812-210533f83577,👌 👍,5.0,play_store
88e0ca7c-363f-4ed8-b180-abc7b03df696,onion size very small and all onion smelled and all are rotten,1.0,play_store
5c42d488-31fc-4b90-80b0-e12db04947f2,very expensive,1.0,play_store
90786e14-abe9-4ced-8e2c-7584a0403f2a,"I lost only ₹72.50 due to the non-issuance of a cashback, but Blinkit’s lack of accountability is far more disappointing. I applied the AIRTELAXIS10 coupon exactly as I had on previous successful orders, but it was apparently not recorded due to an app/server/network issue. Despite weeks of follow-ups, Blinkit simply repeated that the coupon wasn’t applied and refused to help. Customer support should solve problems, not just quote system records. Uninstalling the app and switching to other apps.",1.0,play_store
5e3e4b14-697a-4664-8006-2adad2a81606,excellent,5.0,play_store
c566ab2c-3869-427a-a28f-ab728dca0c8d,fast delivery,5.0,play_store
648b7d52-6101-4495-bafd-d361873e2707,Good service,5.0,play_store
dfea7d31-3776-4bea-81c5-0375b4057232,so nice,5.0,play_store
e8e83ab1-a283-4a89-9d4b-413a8b94b056,fantastic 😊,4.0,play_store
6f43b60e-2194-439d-a97a-c9cf27a2e51f,Excellent 👌🏻👍🏻✨✨,5.0,play_store
e1e4e445-4949-40dc-a932-4d5d95787d27,super deivery,5.0,play_store
a99290b8-c83b-4842-80b1-fae73381afd9,taking too Long time to get the product worst app i never seen,1.0,play_store
0a9d7751-e1d6-46df-bfc6-8c50d07f1675,1st order aakar pata chale,1.0,play_store
5e5bcf28-1fb8-4a01-b864-1f47e4814b98,It is expensive because of dilevery charges,2.0,play_store
4b306a56-db5e-4a6e-8042-9b69cf048f58,mind blowing,5.0,play_store
ef2c701a-e94b-41c9-8893-ff53becc521c,nice,4.0,play_store
a30e1576-741a-49a4-9021-47dcb62c284b,good 👍 one,5.0,play_store
e862d51a-fd80-43e0-8e84-85cab5b57c7f,I had ordered for banana along with other items but banana was not delivered. I complained but they are saying it is delivered which is wrong as I have not received banana for which I paid Rs 61,1.0,play_store
942f514a-6056-4ab6-8ebe-28bd3c999ca5,best app,5.0,play_store
30813b50-265c-43e2-b2e6-e8aa9ea98a92,bahut achhi service hai easy ho gya hai sab kuch,5.0,play_store
3ef9c6c7-683e-453e-bcb9-cd8bd98e2400,I'm obsessed,5.0,play_store
57d12852-e901-48bb-be42-8754f1e70d3e,badiya hai yrr blinkit jindabad Jai hind vandematram..,5.0,play_store
046db33e-7589-4df0-a83f-cf13aada7b8f,amazing,5.0,play_store
bbab95f6-b8ad-4b9b-9e82-8804a7ff0973,we get safe order and fresh things and it comes very fast,5.0,play_store
588d0434-c649-4217-9e9c-c6efd30572c0,wows,5.0,play_store
3fe22bca-a5d7-45f3-83fe-3bd86feb8ce4,ggoodd,5.0,play_store
cf8b866d-5bd2-457e-a7da-91c7bbf423fe,expired product,1.0,play_store
9cff8ee7-1478-4bfd-89e9-2d1a7132ed0f,good aap,5.0,play_store
aeaa67a1-ee6e-4d7b-bb47-fbe004372468,increasing prices,2.0,play_store
c54550df-e90f-4fb4-9117-57ff5d2fe1de,good,5.0,play_store
2b68a5e0-5361-46ec-b8a7-034d7b411f9f,"I ordered the Pee Safe panty liner and the expiry date was misplaced. When it comes to personal hygiene products like this, things need to be proper for the peace of mind. I do not feel comfortable using a defected product so I politely demanded a refund and the agent ""Poulami"" didn't talk further and immediately closed the chat abruptly while my product issue was still unresolved. They are shoving defected products down our throats. I'm not gonna use blinkit ever again. Open your eyes everyone.",1.0,play_store
26255750-255c-4180-987f-359c1e1d19b2,good product,5.0,play_store
f71c1fe1-07d6-4fd0-80f5-9e84cad818b6,now I'm ordering more products from this app but they need to maintain stocks. I never get any notification which I asked for notify when the product is available.,5.0,play_store
daf4e26f-4661-4b51-bba1-907d460e8a7e,it's very gud app,5.0,play_store
950db031-befc-43ed-9c81-909b5005321c,Nice Delivery,5.0,play_store
5e33fc4b-7245-49da-aca5-7b4bc28e61e4,good,5.0,play_store
4a9163b1-9587-4e50-b47e-8edc964ad096,good,5.0,play_store
24885db9-1d78-444c-9f42-55a262d9bfb4,A good and fast delivery app,5.0,play_store
2cef0907-ef6e-4344-b9dc-4cdff56b68df,"Horrible packing , seemed like very very old products being not sold but discarded to the customer. Im extremely humiliated and frustrated at the products I bought which were actually valued worth Rs12000 and the way it was delivered and handed over to me seemed like the value of the products was just worth Rs 200. Disgusting and very unprofessional.",1.0,play_store
9d2e9d43-3cca-4e45-9b94-70f2e10e59a0,best grocery shopping app,5.0,play_store
4e79b705-86a9-4f35-9f98-b6df8bb8d7d4,very good 😊,5.0,play_store
632288e9-41cc-4deb-a816-ab59464beaac,👍 good,5.0,play_store
72b4e1b9-a4e7-4ad7-be08-e5613211dd8f,good app but takes more than 10 mins,4.0,play_store
94ed2763-2b62-48a5-b674-f238dbf66b8d,A good experience on blinkit health products and prescription on medicine,5.0,play_store
d74ff038-91cc-4d28-8b0f-65b370223b6c,delivery partner is not assigned in night even for medicine,2.0,play_store
8519e560-21a4-4ec7-8d5c-02cb3f03ed4c,good service,5.0,play_store
ab77a74a-a5b5-45fe-abf7-669ac0b63ca9,good service,5.0,play_store
9992c30a-4cb6-471b-b038-beb341455a6a,good,5.0,play_store
6b359d5d-27a6-4bbe-b031-58b49f098f6f,"blinkit service is good but service provider aren't sensible, all times we found that colddrink are not cold, get colddrink with 50• temperature All tims So please carefully for again order If we found again this type issue then I will close blinkit service permanently thanks",1.0,play_store
1604ebd2-89b7-4483-9504-517a4a0612f8,"Almost everything is available at any time, low prices than peers and fast delivery. Good job Blinkit! 🙏 You are a saviour for people like us who remember things in the middle of the night.",5.0,play_store
25d0be75-d81e-41a5-bb06-47898fd1f548,good 👍,5.0,play_store
9837afc4-a933-4434-8107-53c083d1af63,devilery partners carry weapons to threnen,1.0,play_store
c34224b4-9148-4dc4-a703-72ad4f6b3093,good,5.0,play_store
6193ac77-58f2-4f7e-baf9-9a7d657d8f37,good,5.0,play_store
8beea2a9-3cbd-4d2e-bc30-24b304c37475,nice 👍,4.0,play_store
75cb10ad-91a4-4457-9740-9e744fae6f05,AWESOME,5.0,play_store
9acd84b4-d47b-4a3e-8fda-764fa5712bf4,could you pls give me that payment less for doorstep delivery,5.0,play_store
2b17e7e0-f02b-48ec-b799-1befda6daab3,good 👍,5.0,play_store
6bc9c28c-04fa-4fd7-83ea-901c4980cdf8,delivery partners said I wil not come to your floor in night and this is our manager rule,1.0,play_store
31f67d4a-5206-40f3-bbdd-227738928b2e,it was a absolute service on time🤩🥰 I JUST LOVED IT 🫶🏻,5.0,play_store
68514272-328c-4111-bffe-e43056f5d564,"atleast cut off the charges and platform fees on the order which are going to jantar mantar, Delhi, please bharat mata ki jai",3.0,play_store
2255a3f7-88cf-414c-8d18-b6fbd1cbbcb8,very good for loved one,5.0,play_store
fea6f3c3-6147-4928-92d0-75dfb8961e00,"worst service I never get , I got pampered product from blinkit.",1.0,play_store
b9cafa2c-b6dc-4318-a4b9-bd359c3636bc,nice good service,5.0,play_store
c0414847-b874-4ad8-b0d7-374c5edef6ce,good👍,5.0,play_store
17fb4073-2b9e-4ad9-ae95-a3da0c4d900a,good,5.0,play_store
0b2e2ecf-bfa8-47b4-a65e-dfd49f5a02ae,"compare to flipkart minutes, blinkit services and products and return policy is worst. may be a small platform overall. i bought one product today and requested return because of cheap plastic and smells alot . they said we cannot exchange or return. whereas in half the price, i bought from flipkart minutes with better quality. blinkit just lost 3 everyday regular customets in my family because of 300 rs.",1.0,play_store
8a3716dd-8bfc-4949-a86e-96ffe30bbabd,"best of the best , always",5.0,play_store
8080f0eb-93da-4002-90cd-9ef17b752fe9,good app,5.0,play_store
32246f09-4045-481b-9a64-0f27b08ef185,very much helpful app for urgent situations,5.0,play_store
995a5763-6390-4688-8b4f-b9b018fed8bc,good,5.0,play_store
691e3fc0-2caa-467f-916e-78c8ac960832,good service,5.0,play_store
48b1b07b-7f5a-40dc-b52e-eaaeae0712ea,great,5.0,play_store
018349b1-a19e-469a-ab8b-38d891903a80,I like the service,3.0,play_store
ca43d131-36fe-468b-8211-2d8bfd7d7b63,"always delivering COOL drinks without cooling, I'm very upset about that",2.0,play_store
a5192856-1f80-4517-bf72-f2023b6ce19b,not bad but once time delivery order agithu but order thandkottilla payment refund madthini andru but madilla,3.0,play_store
a24d9dcc-8ba9-490b-8703-832efed56e44,"Very pathetic application and delivery service. The delivery guy falsely claimed that I had entered the wrong address, even though my address was completely correct. I even showed him the correct address in person, but instead of accepting his mistake, he blamed me and said, ""Because of you, I suffered a loss. It's disappointing that you have delivery partners who don't know how to navigate to the correct location and then blame customers for their own mistakes. I want a call from Blinkit",1.0,play_store
fed554a6-2092-4f36-a1d2-162734d80533,good,5.0,play_store
d3475de0-0ae4-45ec-b221-be3a2718760d,did not receive my icecream guava chilli,1.0,play_store
0212cb27-4343-48dd-93e2-4488f3a73363,good 👍,5.0,play_store
6743b67f-33e0-46b2-ba08-1972e5c63c00,nice,5.0,play_store
bca4fae7-ef1c-49bc-876b-3140f9e4334d,excellent,5.0,play_store
e4b3c1e2-ebda-4d3e-a9b0-08cd1553b40c,faster delivery app,5.0,play_store
0f474cb6-d2f3-4c61-b42b-b8beab1f1f6b,very good quality product,5.0,play_store
7a60d1e6-5b53-493d-a245-28fe085f1f90,good 😊,5.0,play_store
26069f56-b995-4ab1-a64b-4927e9c58d6d,excellent,5.0,play_store
bd07e20d-ac5e-4820-9922-d2a4a67fdb1a,good,5.0,play_store
f877dfa1-8685-432c-8384-602251ac2d8e,love.,5.0,play_store
ed4ec68c-b934-47de-b9e8-2ab530fc23e8,sent me expiry completed product.Ban Blinkit in india,1.0,play_store
8d8f7e33-cfbd-4c50-a1d5-151812fe8697,good,5.0,play_store
5e2661aa-2719-4e72-8885-b53c4a92a084,some time extending. is important. because last time it was till 1 am,5.0,play_store
985d29d8-7a28-4f5b-a40e-bd541515a20d,Bakwaas..what do you mean by shop not available high demand at 8.20 a.m?Your duty to have more staff.,5.0,play_store
4022e1cb-286d-4eed-b09b-d95242896d4c,good right time service,5.0,play_store
e6aad7ef-c929-466a-8b98-b37665f325a4,"⭐⭐⭐⭐⭐ I'm truly grateful to Blinkit! ❤️ Last night around 11:30 PM, my father urgently needed a Pet Safa product. There was no one else at home, and as a girl, it wasn't safe for me to go out that late. 😔 I ordered it on Blinkit, and it arrived in just 7 minutes! 🚀 Thanks to your super-fast delivery, I could help my father immediately. 🙏 Thank you for bringing such reliable service to my city. In emergencies, Blinkit is a true lifesaver! 💚👏And thankyou to the dilivery man as well ❤️",5.0,play_store
9b33889e-5570-48be-9703-316f1129a20a,"Your service is extremely disappointing. I placed my order using the Cash on Delivery (COD) option because I currently do not have online or UPI payment available. However, when the delivery person arrived, he insisted that I pay online. When I told him I couldn't, he asked me to cancel the order, saying that he would not deliver it unless I made an online payment. If Cash on Delivery is not actually available, then why do you providthe COD option while placing the order?",2.0,play_store
eb0e6535-6e49-4f47-a0f8-4a706e7e73d8,Nice,5.0,play_store
77f4e6f8-a117-4324-9f5c-91e1cfb7a71e,good,4.0,play_store
6aed2444-2c20-4e9c-8c1e-c5e627094a91,super fast,5.0,play_store
35cfbb35-0e3c-4e8b-bbe2-6f9ba84e415c,mast,5.0,play_store
17a63c3c-0a1e-4d8a-8472-c03548697bf1,"When you need few essentials things urgently, it's a great app to deliver it at your doorstep. Thank you Blinkit.",5.0,play_store
64be6a57-738e-49e7-b7e8-6625c2763d25,Great,5.0,play_store
c2425f58-3304-4444-8e5c-47482c43ec2d,fabulous,5.0,play_store
949e6b47-ae86-4da9-89e6-8227bbe46292,hight price comparison local market,1.0,play_store
374f3566-92f3-4a5f-8026-205a90e270fd,very bad,1.0,play_store
3efa12c0-a922-45bc-8419-e2af89a45f88,great application for general use items,5.0,play_store
507c7256-23f6-4418-9ae9-c5ac96c05cd5,good,5.0,play_store
388460e7-17e2-4bfe-91ce-5487845bdfd3,Good,5.0,play_store
25a310dd-8baa-47ee-a254-61250c99481b,very good,5.0,play_store
ce637735-c03b-4207-9ba1-5b3ac65288a2,so fast deliver and fresh food,5.0,play_store
4d7b2956-9f47-4862-b2c9-11e1b44454a5,good apps,4.0,play_store
88fe2cf5-4510-44a2-86a9-5f6efbf514c0,good service,5.0,play_store
c89ac969-4eb6-46c2-8074-54bf89f61529,super service but charges more,5.0,play_store
6f9424fe-4962-4501-8ac4-7b98be6a5d0f,Good timing,4.0,play_store
c003c9b9-ba25-4dd7-97bc-87087ddbbe22,15 minutes me ambulance aayegi to koi delivery partner agr jayeda ghayal ho gya to 15 mint me q...khud ambulance rakho jo sirf blinkit ke liye kam kre.,1.0,play_store
3c4031aa-df85-4bdd-82b6-4da76fd7fb89,only local items don't install blink it app,1.0,play_store
6ac091ba-3f73-460d-9661-bcefe8a2037d,😚💗,5.0,play_store
51a3f95f-bbf8-4b52-b576-0b60b01f2fb2,good service,5.0,play_store
a2223647-b7a2-4fe7-ba04-3cb1015f907f,very gudd grocery app,5.0,play_store
f33e75aa-6f6f-465a-8a8a-a1d00c76efad,good service,4.0,play_store
d2bfe863-7d8c-4dbf-8e32-6b0a62c49dec,Good Sevice,5.0,play_store
bad3b99c-fe7b-40c3-b378-e9425fc71068,good app 👍👍,5.0,play_store
55f966c4-22c8-48b6-ad6e-b023b8a1c931,provide greatest discount on any product with fastest delivery 👍😍,5.0,play_store
9377863b-7d5f-4500-8f74-29b05d71b7c6,best service maja aa gya,5.0,play_store
